gateway_token,merchant_reference,transaction_date,amount,market_code
receipt_ref_001-0001,1199100000,2026-04-20,31.13,MKT_A
receipt_ref_001-0002,1199100001,2026-04-20,32.26,MKT_A
receipt_ref_001-0003,1199100002,2026-04-20,33.39,MKT_A
receipt_ref_001-0004,1199100003,2026-04-20,34.52,MKT_A
receipt_ref_001-0005,1199100004,2026-04-20,35.65,MKT_A
receipt_ref_001-0006,1199100005,2026-04-20,36.78,MKT_A
receipt_ref_001-0007,1199100006,2026-04-20,37.91,MKT_A
receipt_ref_001-0008,1199100007,2026-04-20,39.04,MKT_A
receipt_ref_001-0009,1199100008,2026-04-20,40.17,MKT_A
receipt_ref_001-0010,1199100009,2026-04-20,41.30,MKT_A
receipt_ref_001-0011,1199100010,2026-04-20,42.43,MKT_A
receipt_ref_001-0012,1199100011,2026-04-20,43.56,MKT_A
receipt_ref_001-0013,1199100012,2026-04-20,44.69,MKT_A
receipt_ref_001-0014,1199100013,2026-04-20,45.82,MKT_A
receipt_ref_001-0015,1199100014,2026-04-20,46.95,MKT_A
receipt_ref_001-0016,1199100015,2026-04-20,48.08,MKT_A
receipt_ref_001-0017,1199100016,2026-04-20,49.21,MKT_A
receipt_ref_001-0018,1199100017,2026-04-20,50.34,MKT_A
receipt_ref_001-0019,1199100018,2026-04-20,51.47,MKT_A
receipt_ref_001-0020,1199100019,2026-04-20,52.60,MKT_A
receipt_ref_001-0021,1199100020,2026-04-20,53.73,MKT_A
receipt_ref_001-0022,1199100021,2026-04-20,54.86,MKT_A
receipt_ref_001-0023,1199100022,2026-04-20,55.99,MKT_A
receipt_ref_001-0024,1199100023,2026-04-20,57.12,MKT_A
receipt_ref_001-0025,1199100024,2026-04-20,58.25,MKT_A
receipt_ref_001-0026,1199100025,2026-04-20,59.38,MKT_A
receipt_ref_001-0027,1199100026,2026-04-20,60.51,MKT_A
receipt_ref_001-0028,1199100027,2026-04-20,61.64,MKT_A
receipt_ref_001-0029,1199100028,2026-04-20,62.77,MKT_A
receipt_ref_001-0030,1199100029,2026-04-20,63.90,MKT_A
receipt_ref_001-0031,1199100030,2026-04-20,65.03,MKT_A
receipt_ref_001-0032,1199100031,2026-04-20,66.16,MKT_A
receipt_ref_001-0033,1199100032,2026-04-20,67.29,MKT_A
receipt_ref_001-0034,1199100033,2026-04-20,68.42,MKT_A
receipt_ref_001-0035,1199100034,2026-04-20,69.55,MKT_A
receipt_ref_001-0036,1199100035,2026-04-20,70.68,MKT_A
receipt_ref_001-0037,1199100036,2026-04-20,71.81,MKT_A
receipt_ref_001-0038,1199100037,2026-04-20,72.94,MKT_A
receipt_ref_001-0039,1199100038,2026-04-20,74.07,MKT_A
receipt_ref_001-0040,1199100039,2026-04-20,75.20,MKT_A
receipt_ref_001-0041,1199100040,2026-04-20,76.33,MKT_A
receipt_ref_001-0042,1199100041,2026-04-20,77.46,MKT_A
receipt_ref_001-0043,1199100042,2026-04-20,78.59,MKT_A
receipt_ref_001-0044,1199100043,2026-04-20,79.72,MKT_A
receipt_ref_001-0045,1199100044,2026-04-20,80.85,MKT_A
receipt_ref_001-0046,1199100045,2026-04-20,81.98,MKT_A
receipt_ref_001-0047,1199100046,2026-04-20,83.11,MKT_A
receipt_ref_001-0048,1199100047,2026-04-20,84.24,MKT_A
receipt_ref_001-0049,1199100048,2026-04-20,85.37,MKT_A
receipt_ref_001-0050,1199100049,2026-04-20,86.50,MKT_A
receipt_ref_001-0051,1199100050,2026-04-20,87.63,MKT_A
receipt_ref_001-0052,1199100051,2026-04-20,88.76,MKT_A
receipt_ref_001-0053,1199100052,2026-04-20,89.89,MKT_A
receipt_ref_001-0054,1199100053,2026-04-20,91.02,MKT_A
receipt_ref_001-0055,1199100054,2026-04-20,92.15,MKT_A
receipt_ref_001-0056,1199100055,2026-04-20,93.28,MKT_A
receipt_ref_001-0057,1199100056,2026-04-20,94.41,MKT_A
receipt_ref_001-0058,1199100057,2026-04-20,95.54,MKT_A
receipt_ref_001-0059,1199100058,2026-04-20,96.67,MKT_A
receipt_ref_001-0060,1199100059,2026-04-20,97.80,MKT_A
receipt_ref_001-0061,1199100060,2026-04-20,98.93,MKT_A
receipt_ref_001-0062,1199100061,2026-04-20,100.06,MKT_A
receipt_ref_001-0063,1199100062,2026-04-20,101.19,MKT_A
receipt_ref_001-0064,1199100063,2026-04-20,102.32,MKT_A
receipt_ref_001-0065,1199100064,2026-04-20,103.45,MKT_A
receipt_ref_001-0066,1199100065,2026-04-20,104.58,MKT_A
receipt_ref_001-0067,1199100066,2026-04-20,105.71,MKT_A
receipt_ref_001-0068,1199100067,2026-04-20,106.84,MKT_A
receipt_ref_001-0069,1199100068,2026-04-20,107.97,MKT_A
receipt_ref_001-0070,1199100069,2026-04-20,109.10,MKT_A
receipt_ref_001-0071,1199100070,2026-04-20,110.23,MKT_A
receipt_ref_001-0072,1199100071,2026-04-20,111.36,MKT_A
receipt_ref_001-0073,1199100072,2026-04-20,112.49,MKT_A
receipt_ref_001-0074,1199100073,2026-04-20,113.62,MKT_A
receipt_ref_001-0075,1199100074,2026-04-20,114.75,MKT_A
receipt_ref_001-0076,1199100075,2026-04-20,115.88,MKT_A
receipt_ref_001-0077,1199100076,2026-04-20,117.01,MKT_A
receipt_ref_001-0078,1199100077,2026-04-20,118.14,MKT_A
receipt_ref_001-0079,1199100078,2026-04-20,119.27,MKT_A
receipt_ref_001-0080,1199100079,2026-04-20,30.00,MKT_A
receipt_ref_001-0081,1199100080,2026-04-20,31.13,MKT_A
receipt_ref_001-0082,1199100081,2026-04-20,32.26,MKT_A
receipt_ref_001-0083,1199100082,2026-04-20,33.39,MKT_A
receipt_ref_001-0084,1199100083,2026-04-20,34.52,MKT_A
receipt_ref_001-0085,1199100084,2026-04-20,35.65,MKT_A
receipt_ref_001-0086,1199100085,2026-04-20,36.78,MKT_A
receipt_ref_001-0087,1199100086,2026-04-20,37.91,MKT_A
receipt_ref_001-0088,1199100087,2026-04-20,39.04,MKT_A
receipt_ref_001-0089,1199100088,2026-04-20,40.17,MKT_A
receipt_ref_001-0090,1199100089,2026-04-20,41.30,MKT_A
receipt_ref_001-0091,1199100090,2026-04-20,42.43,MKT_A
receipt_ref_001-0092,1199100091,2026-04-20,43.56,MKT_A
receipt_ref_001-0093,1199100092,2026-04-20,44.69,MKT_A
receipt_ref_001-0094,1199100093,2026-04-20,45.82,MKT_A
receipt_ref_001-0095,1199100094,2026-04-20,46.95,MKT_A
receipt_ref_001-0096,1199100095,2026-04-20,48.08,MKT_A
receipt_ref_001-0097,1199100096,2026-04-20,49.21,MKT_A
receipt_ref_001-0098,1199100097,2026-04-20,50.34,MKT_A
receipt_ref_001-0099,1199100098,2026-04-20,51.47,MKT_A
receipt_ref_001-0100,1199100099,2026-04-20,52.60,MKT_A
receipt_ref_001-0101,1199100100,2026-04-20,53.73,MKT_A
receipt_ref_001-0102,1199100101,2026-04-20,54.86,MKT_A
receipt_ref_001-0103,1199100102,2026-04-20,55.99,MKT_A
receipt_ref_001-0104,1199100103,2026-04-20,57.12,MKT_A
receipt_ref_001-0105,1199100104,2026-04-20,58.25,MKT_A
receipt_ref_001-0106,1199100105,2026-04-20,59.38,MKT_A
receipt_ref_001-0107,1199100106,2026-04-20,60.51,MKT_A
receipt_ref_001-0108,1199100107,2026-04-20,61.64,MKT_A
receipt_ref_001-0109,1199100108,2026-04-20,62.77,MKT_A
receipt_ref_001-0110,1199100109,2026-04-20,63.90,MKT_A
receipt_ref_001-0111,1199100110,2026-04-20,65.03,MKT_A
receipt_ref_001-0112,1199100111,2026-04-20,66.16,MKT_A
receipt_ref_001-0113,1199100112,2026-04-20,67.29,MKT_A
receipt_ref_001-0114,1199100113,2026-04-20,68.42,MKT_A
receipt_ref_001-0115,1199100114,2026-04-20,69.55,MKT_A
receipt_ref_001-0116,1199100115,2026-04-20,70.68,MKT_A
receipt_ref_001-0117,1199100116,2026-04-20,71.81,MKT_A
receipt_ref_001-0118,1199100117,2026-04-20,72.94,MKT_A
receipt_ref_001-0119,1199100118,2026-04-20,74.07,MKT_A
receipt_ref_001-0120,1199100119,2026-04-20,75.20,MKT_A
receipt_ref_001-0121,1199100120,2026-04-20,76.33,MKT_A
receipt_ref_001-0122,1199100121,2026-04-20,77.46,MKT_A
receipt_ref_001-0123,1199100122,2026-04-20,78.59,MKT_A
receipt_ref_001-0124,1199100123,2026-04-20,79.72,MKT_A
receipt_ref_001-0125,1199100124,2026-04-20,80.85,MKT_A
receipt_ref_001-0126,1199100125,2026-04-20,81.98,MKT_A
receipt_ref_001-0127,1199100126,2026-04-20,83.11,MKT_A
receipt_ref_001-0128,1199100127,2026-04-20,84.24,MKT_A
receipt_ref_001-0129,1199100128,2026-04-20,85.37,MKT_A
receipt_ref_001-0130,1199100129,2026-04-20,86.50,MKT_A
receipt_ref_001-0131,1199100130,2026-04-20,87.63,MKT_A
receipt_ref_001-0132,1199100131,2026-04-20,88.76,MKT_A
receipt_ref_001-0133,1199100132,2026-04-20,89.89,MKT_A
receipt_ref_001-0134,1199100133,2026-04-20,91.02,MKT_A
receipt_ref_001-0135,1199100134,2026-04-20,92.15,MKT_A
receipt_ref_001-0136,1199100135,2026-04-20,93.28,MKT_A
receipt_ref_001-0137,1199100136,2026-04-20,94.41,MKT_A
receipt_ref_001-0138,1199100137,2026-04-20,95.54,MKT_A
receipt_ref_001-0139,1199100138,2026-04-20,96.67,MKT_A
receipt_ref_001-0140,1199100139,2026-04-20,97.80,MKT_A
receipt_ref_001-0141,1199100140,2026-04-20,98.93,MKT_A
receipt_ref_001-0142,1199100141,2026-04-20,100.06,MKT_A
receipt_ref_001-0143,1199100142,2026-04-20,101.19,MKT_A
receipt_ref_001-0144,1199100143,2026-04-20,102.32,MKT_A
receipt_ref_001-0145,1199100144,2026-04-20,103.45,MKT_A
receipt_ref_001-0146,1199100145,2026-04-20,104.58,MKT_A
receipt_ref_001-0147,1199100146,2026-04-20,105.71,MKT_A
receipt_ref_001-0148,1199100147,2026-04-20,106.84,MKT_A
receipt_ref_001-0149,1199100148,2026-04-20,107.97,MKT_A
receipt_ref_001-0150,1199100149,2026-04-20,109.10,MKT_A
receipt_ref_001-0151,1199100150,2026-04-20,110.23,MKT_A
receipt_ref_001-0152,1199100151,2026-04-20,111.36,MKT_A
receipt_ref_001-0153,1199100152,2026-04-20,112.49,MKT_A
receipt_ref_001-0154,1199100153,2026-04-20,113.62,MKT_A
receipt_ref_001-0155,1199100154,2026-04-20,114.75,MKT_A
receipt_ref_001-0156,1199100155,2026-04-20,115.88,MKT_A
receipt_ref_001-0157,1199100156,2026-04-20,117.01,MKT_A
receipt_ref_001-0158,1199100157,2026-04-20,118.14,MKT_A
receipt_ref_001-0159,1199100158,2026-04-20,119.27,MKT_A
receipt_ref_001-0160,1199100159,2026-04-20,30.00,MKT_A
receipt_ref_001-0161,1199100160,2026-04-20,31.13,MKT_A
receipt_ref_001-0162,1199100161,2026-04-20,32.26,MKT_A
receipt_ref_001-0163,1199100162,2026-04-20,33.39,MKT_A
receipt_ref_001-0164,1199100163,2026-04-20,34.52,MKT_A
receipt_ref_001-0165,1199100164,2026-04-20,35.65,MKT_A
receipt_ref_001-0166,1199100165,2026-04-20,36.78,MKT_A
receipt_ref_001-0167,1199100166,2026-04-20,37.91,MKT_A
receipt_ref_001-0168,1199100167,2026-04-20,39.04,MKT_A
receipt_ref_001-0169,1199100168,2026-04-20,40.17,MKT_A
receipt_ref_001-0170,1199100169,2026-04-20,41.30,MKT_A
receipt_ref_001-0171,1199100170,2026-04-20,42.43,MKT_A
receipt_ref_001-0172,1199100171,2026-04-20,43.56,MKT_A
receipt_ref_001-0173,1199100172,2026-04-20,44.69,MKT_A
receipt_ref_001-0174,1199100173,2026-04-20,45.82,MKT_A
receipt_ref_001-0175,1199100174,2026-04-20,46.95,MKT_A
receipt_ref_001-0176,1199100175,2026-04-20,48.08,MKT_A
receipt_ref_001-0177,1199100176,2026-04-20,49.21,MKT_A
receipt_ref_001-0178,1199100177,2026-04-20,50.34,MKT_A
receipt_ref_001-0179,1199100178,2026-04-20,51.47,MKT_A
receipt_ref_001-0180,1199100179,2026-04-20,52.60,MKT_A
receipt_ref_001-0181,1199100180,2026-04-20,53.73,MKT_A
receipt_ref_001-0182,1199100181,2026-04-20,54.86,MKT_A
receipt_ref_001-0183,1199100182,2026-04-20,55.99,MKT_A
receipt_ref_001-0184,1199100183,2026-04-20,57.12,MKT_A
receipt_ref_001-0185,1199100184,2026-04-20,58.25,MKT_A
receipt_ref_001-0186,1199100185,2026-04-20,59.38,MKT_A
receipt_ref_001-0187,1199100186,2026-04-20,60.51,MKT_A
receipt_ref_001-0188,1199100187,2026-04-20,61.64,MKT_A
receipt_ref_001-0189,1199100188,2026-04-20,62.77,MKT_A
receipt_ref_001-0190,1199100189,2026-04-20,63.90,MKT_A
receipt_ref_001-0191,1199100190,2026-04-20,65.03,MKT_A
receipt_ref_001-0192,1199100191,2026-04-20,66.16,MKT_A
receipt_ref_001-0193,1199100192,2026-04-20,67.29,MKT_A
receipt_ref_001-0194,1199100193,2026-04-20,68.42,MKT_A
receipt_ref_001-0195,1199100194,2026-04-20,69.55,MKT_A
receipt_ref_001-0196,1199100195,2026-04-20,70.68,MKT_A
receipt_ref_001-0197,1199100196,2026-04-20,71.81,MKT_A
receipt_ref_001-0198,1199100197,2026-04-20,72.94,MKT_A
receipt_ref_001-0199,1199100198,2026-04-20,74.07,MKT_A
receipt_ref_001-0200,1199100199,2026-04-20,75.20,MKT_A
receipt_ref_001-0201,1199100200,2026-04-20,76.33,MKT_A
receipt_ref_001-0202,1199100201,2026-04-20,77.46,MKT_A
receipt_ref_001-0203,1199100202,2026-04-20,78.59,MKT_A
receipt_ref_001-0204,1199100203,2026-04-20,79.72,MKT_A
receipt_ref_001-0205,1199100204,2026-04-20,80.85,MKT_A
receipt_ref_001-0206,1199100205,2026-04-20,81.98,MKT_A
receipt_ref_001-0207,1199100206,2026-04-20,83.11,MKT_A
receipt_ref_001-0208,1199100207,2026-04-20,84.24,MKT_A
receipt_ref_001-0209,1199100208,2026-04-20,85.37,MKT_A
receipt_ref_001-0210,1199100209,2026-04-20,86.50,MKT_A
receipt_ref_001-0211,1199100210,2026-04-20,87.63,MKT_A
receipt_ref_001-0212,1199100211,2026-04-20,88.76,MKT_A
receipt_ref_001-0213,1199100212,2026-04-20,89.89,MKT_A
receipt_ref_001-0214,1199100213,2026-04-20,91.02,MKT_A
receipt_ref_001-0215,1199100214,2026-04-20,92.15,MKT_A
receipt_ref_001-0216,1199100215,2026-04-20,93.28,MKT_A
receipt_ref_001-0217,1199100216,2026-04-20,94.41,MKT_A
receipt_ref_001-0218,1199100217,2026-04-20,95.54,MKT_A
receipt_ref_001-0219,1199100218,2026-04-20,96.67,MKT_A
receipt_ref_001-0220,1199100219,2026-04-20,97.80,MKT_A
receipt_ref_001-0221,1199100220,2026-04-20,98.93,MKT_A
receipt_ref_001-0222,1199100221,2026-04-20,100.06,MKT_A
receipt_ref_001-0223,1199100222,2026-04-20,101.19,MKT_A
receipt_ref_001-0224,1199100223,2026-04-20,102.32,MKT_A
receipt_ref_001-0225,1199100224,2026-04-20,103.45,MKT_A
receipt_ref_001-0226,1199100225,2026-04-20,104.58,MKT_A
receipt_ref_001-0227,1199100226,2026-04-20,105.71,MKT_A
receipt_ref_001-0228,1199100227,2026-04-20,106.84,MKT_A
receipt_ref_001-0229,1199100228,2026-04-20,107.97,MKT_A
receipt_ref_001-0230,1199100229,2026-04-20,109.10,MKT_A
receipt_ref_001-0231,1199100230,2026-04-20,110.23,MKT_A
receipt_ref_001-0232,1199100231,2026-04-20,111.36,MKT_A
receipt_ref_001-0233,1199100232,2026-04-20,112.49,MKT_A
receipt_ref_001-0234,1199100233,2026-04-20,113.62,MKT_A
receipt_ref_001-0235,1199100234,2026-04-20,114.75,MKT_A
receipt_ref_001-0236,1199100235,2026-04-20,115.88,MKT_A
receipt_ref_001-0237,1199100236,2026-04-20,117.01,MKT_A
receipt_ref_001-0238,1199100237,2026-04-20,118.14,MKT_A
receipt_ref_001-0239,1199100238,2026-04-20,119.27,MKT_A
receipt_ref_001-0240,1199100239,2026-04-20,30.00,MKT_A
receipt_ref_001-0241,1199100240,2026-04-20,31.13,MKT_A
receipt_ref_001-0242,1199100241,2026-04-20,32.26,MKT_A
receipt_ref_001-0243,1199100242,2026-04-20,33.39,MKT_A
receipt_ref_001-0244,1199100243,2026-04-20,34.52,MKT_A
receipt_ref_001-0245,1199100244,2026-04-20,35.65,MKT_A
receipt_ref_001-0246,1199100245,2026-04-20,36.78,MKT_A
receipt_ref_001-0247,1199100246,2026-04-20,37.91,MKT_A
receipt_ref_001-0248,1199100247,2026-04-20,39.04,MKT_A
receipt_ref_001-0249,1199100248,2026-04-20,40.17,MKT_A
receipt_ref_001-0250,1199100249,2026-04-20,41.30,MKT_A
receipt_ref_001-0251,1199200000,2026-04-20,32.26,MKT_A
receipt_ref_001-0252,1199200001,2026-04-20,33.39,MKT_A
receipt_ref_001-0253,1199200002,2026-04-20,34.52,MKT_A
receipt_ref_001-0254,1199200003,2026-04-20,35.65,MKT_A
receipt_ref_001-0255,1199200004,2026-04-20,36.78,MKT_A
receipt_ref_001-0256,1199200005,2026-04-20,37.91,MKT_A
receipt_ref_001-0257,1199200006,2026-04-20,39.04,MKT_A
receipt_ref_001-0258,1199200007,2026-04-20,40.17,MKT_A
receipt_ref_001-0259,1199200008,2026-04-20,41.30,MKT_A
receipt_ref_001-0260,1199200009,2026-04-20,42.43,MKT_A
receipt_ref_001-0261,1199200010,2026-04-20,43.56,MKT_A
receipt_ref_001-0262,1199200011,2026-04-20,44.69,MKT_A
receipt_ref_001-0263,1199200012,2026-04-20,45.82,MKT_A
receipt_ref_001-0264,1199200013,2026-04-20,46.95,MKT_A
receipt_ref_001-0265,1199200014,2026-04-20,48.08,MKT_A
receipt_ref_001-0266,1199200015,2026-04-20,49.21,MKT_A
receipt_ref_001-0267,1199200016,2026-04-20,50.34,MKT_A
receipt_ref_001-0268,1199200017,2026-04-20,51.47,MKT_A
receipt_ref_001-0269,1199200018,2026-04-20,52.60,MKT_A
receipt_ref_001-0270,1199200019,2026-04-20,53.73,MKT_A
receipt_ref_001-0271,1199200020,2026-04-20,54.86,MKT_A
receipt_ref_001-0272,1199200021,2026-04-20,55.99,MKT_A
receipt_ref_001-0273,1199200022,2026-04-20,57.12,MKT_A
receipt_ref_001-0274,1199200023,2026-04-20,58.25,MKT_A
receipt_ref_001-0275,1199200024,2026-04-20,59.38,MKT_A
receipt_ref_001-0276,1199200025,2026-04-20,60.51,MKT_A
receipt_ref_001-0277,1199200026,2026-04-20,61.64,MKT_A
receipt_ref_001-0278,1199200027,2026-04-20,62.77,MKT_A
receipt_ref_001-0279,1199200028,2026-04-20,63.90,MKT_A
receipt_ref_001-0280,1199200029,2026-04-20,65.03,MKT_A
receipt_ref_001-0281,1199200030,2026-04-20,66.16,MKT_A
receipt_ref_001-0282,1199200031,2026-04-20,67.29,MKT_A
receipt_ref_001-0283,1199200032,2026-04-20,68.42,MKT_A
receipt_ref_001-0284,1199200033,2026-04-20,69.55,MKT_A
receipt_ref_001-0285,1199200034,2026-04-20,70.68,MKT_A
receipt_ref_001-0286,1199200035,2026-04-20,71.81,MKT_A
receipt_ref_001-0287,1199200036,2026-04-20,72.94,MKT_A
receipt_ref_001-0288,1199200037,2026-04-20,74.07,MKT_A
receipt_ref_001-0289,1199200038,2026-04-20,75.20,MKT_A
receipt_ref_001-0290,1199200039,2026-04-20,76.33,MKT_A
receipt_ref_001-0291,1199200040,2026-04-20,77.46,MKT_A
receipt_ref_001-0292,1199200041,2026-04-20,78.59,MKT_A
receipt_ref_001-0293,1199200042,2026-04-20,79.72,MKT_A
receipt_ref_001-0294,1199200043,2026-04-20,80.85,MKT_A
receipt_ref_001-0295,1199200044,2026-04-20,81.98,MKT_A
receipt_ref_001-0296,1199200045,2026-04-20,83.11,MKT_A
receipt_ref_001-0297,1199200046,2026-04-20,84.24,MKT_A
receipt_ref_001-0298,1199200047,2026-04-20,85.37,MKT_A
receipt_ref_001-0299,1199200048,2026-04-20,86.50,MKT_A
receipt_ref_001-0300,1199200049,2026-04-20,87.63,MKT_A
receipt_ref_001-0301,1199200050,2026-04-20,88.76,MKT_A
receipt_ref_001-0302,1199200051,2026-04-20,89.89,MKT_A
receipt_ref_001-0303,1199200052,2026-04-20,91.02,MKT_A
receipt_ref_001-0304,1199200053,2026-04-20,92.15,MKT_A
receipt_ref_001-0305,1199200054,2026-04-20,93.28,MKT_A
receipt_ref_001-0306,1199200055,2026-04-20,94.41,MKT_A
receipt_ref_001-0307,1199200056,2026-04-20,95.54,MKT_A
receipt_ref_001-0308,1199200057,2026-04-20,96.67,MKT_A
receipt_ref_001-0309,1199200058,2026-04-20,97.80,MKT_A
receipt_ref_001-0310,1199200059,2026-04-20,98.93,MKT_A
receipt_ref_001-0311,1199200060,2026-04-20,100.06,MKT_A
receipt_ref_001-0312,1199200061,2026-04-20,101.19,MKT_A
receipt_ref_001-0313,1199200062,2026-04-20,102.32,MKT_A
receipt_ref_001-0314,1199200063,2026-04-20,103.45,MKT_A
receipt_ref_001-0315,1199200064,2026-04-20,104.58,MKT_A
receipt_ref_001-0316,1199200065,2026-04-20,105.71,MKT_A
receipt_ref_001-0317,1199200066,2026-04-20,106.84,MKT_A
receipt_ref_001-0318,1199200067,2026-04-20,107.97,MKT_A
receipt_ref_001-0319,1199200068,2026-04-20,109.10,MKT_A
receipt_ref_001-0320,1199200069,2026-04-20,110.23,MKT_A
receipt_ref_001-0321,1199200070,2026-04-20,111.36,MKT_A
receipt_ref_001-0322,1199200071,2026-04-20,112.49,MKT_A
receipt_ref_001-0323,1199200072,2026-04-20,113.62,MKT_A
receipt_ref_001-0324,1199200073,2026-04-20,114.75,MKT_A
receipt_ref_001-0325,1199200074,2026-04-20,115.88,MKT_A
receipt_ref_001-0326,1199200075,2026-04-20,117.01,MKT_A
receipt_ref_001-0327,1199200076,2026-04-20,118.14,MKT_A
receipt_ref_001-0328,1199200077,2026-04-20,119.27,MKT_A
receipt_ref_001-0329,1199200078,2026-04-20,30.00,MKT_A
receipt_ref_001-0330,1199200079,2026-04-20,31.13,MKT_A
receipt_ref_001-0331,1199300000,2026-04-20,33.39,MKT_A
receipt_ref_001-0332,1199300001,2026-04-20,34.52,MKT_A
receipt_ref_001-0333,1199300002,2026-04-20,35.65,MKT_A
receipt_ref_001-0334,1199300003,2026-04-20,36.78,MKT_A
receipt_ref_001-0335,1199300004,2026-04-20,37.91,MKT_A
receipt_ref_001-0336,1199300005,2026-04-20,39.04,MKT_A
receipt_ref_001-0337,1199300006,2026-04-20,40.17,MKT_A
receipt_ref_001-0338,1199300007,2026-04-20,41.30,MKT_A
receipt_ref_001-0339,1199300008,2026-04-20,42.43,MKT_A
receipt_ref_001-0340,1199300009,2026-04-20,43.56,MKT_A
receipt_ref_001-0341,1199300010,2026-04-20,44.69,MKT_A
receipt_ref_001-0342,1199300011,2026-04-20,45.82,MKT_A
receipt_ref_001-0343,1199300012,2026-04-20,46.95,MKT_A
receipt_ref_001-0344,1199300013,2026-04-20,48.08,MKT_A
receipt_ref_001-0345,1199300014,2026-04-20,49.21,MKT_A
receipt_ref_001-0346,1199300015,2026-04-20,50.34,MKT_A
receipt_ref_001-0347,1199300016,2026-04-20,51.47,MKT_A
receipt_ref_001-0348,1199300017,2026-04-20,52.60,MKT_A
receipt_ref_001-0349,1199300018,2026-04-20,53.73,MKT_A
receipt_ref_001-0350,1199300019,2026-04-20,54.86,MKT_A
receipt_ref_001-0351,1199300020,2026-04-20,55.99,MKT_A
receipt_ref_001-0352,1199300021,2026-04-20,57.12,MKT_A
receipt_ref_001-0353,1199300022,2026-04-20,58.25,MKT_A
receipt_ref_001-0354,1199300023,2026-04-20,59.38,MKT_A
receipt_ref_001-0355,1199300024,2026-04-20,60.51,MKT_A
receipt_ref_001-0356,1199300025,2026-04-20,61.64,MKT_A
receipt_ref_001-0357,1199300026,2026-04-20,62.77,MKT_A
receipt_ref_001-0358,1199300027,2026-04-20,63.90,MKT_A
receipt_ref_001-0359,1199300028,2026-04-20,65.03,MKT_A
receipt_ref_001-0360,1199300029,2026-04-20,66.16,MKT_A
receipt_ref_001-0361,1199300030,2026-04-20,67.29,MKT_A
receipt_ref_001-0362,1199300031,2026-04-20,68.42,MKT_A
receipt_ref_001-0363,1199300032,2026-04-20,69.55,MKT_A
receipt_ref_001-0364,1199300033,2026-04-20,70.68,MKT_A
receipt_ref_001-0365,1199300034,2026-04-20,71.81,MKT_A
receipt_ref_001-0366,1199300035,2026-04-20,72.94,MKT_A
receipt_ref_001-0367,1199300036,2026-04-20,74.07,MKT_A
receipt_ref_001-0368,1199300037,2026-04-20,75.20,MKT_A
receipt_ref_001-0369,1199300038,2026-04-20,76.33,MKT_A
receipt_ref_001-0370,1199300039,2026-04-20,77.46,MKT_A
receipt_ref_001-0371,1199300040,2026-04-20,78.59,MKT_A
receipt_ref_001-0372,1199300041,2026-04-20,79.72,MKT_A
receipt_ref_001-0373,1199300042,2026-04-20,80.85,MKT_A
receipt_ref_001-0374,1199300043,2026-04-20,81.98,MKT_A
receipt_ref_001-0375,1199300044,2026-04-20,83.11,MKT_A
receipt_ref_001-0376,1199300045,2026-04-20,84.24,MKT_A
receipt_ref_001-0377,1199300046,2026-04-20,85.37,MKT_A
receipt_ref_001-0378,1199300047,2026-04-20,86.50,MKT_A
receipt_ref_001-0379,1199300048,2026-04-20,87.63,MKT_A
receipt_ref_001-0380,1199300049,2026-04-20,88.76,MKT_A
receipt_ref_001-0381,1199300050,2026-04-20,89.89,MKT_A
receipt_ref_001-0382,1199300051,2026-04-20,91.02,MKT_A
receipt_ref_001-0383,1199300052,2026-04-20,92.15,MKT_A
receipt_ref_001-0384,1199300053,2026-04-20,93.28,MKT_A
receipt_ref_001-0385,1199300054,2026-04-20,94.41,MKT_A
receipt_ref_001-0386,1199300055,2026-04-20,95.54,MKT_A
receipt_ref_001-0387,1199300056,2026-04-20,96.67,MKT_A
receipt_ref_001-0388,1199300057,2026-04-20,97.80,MKT_A
receipt_ref_001-0389,1199300058,2026-04-20,98.93,MKT_A
receipt_ref_001-0390,1199300059,2026-04-20,100.06,MKT_A
receipt_ref_001-0391,1199300060,2026-04-20,101.19,MKT_A
receipt_ref_001-0392,1199300061,2026-04-20,102.32,MKT_A
receipt_ref_001-0393,1199300062,2026-04-20,103.45,MKT_A
receipt_ref_001-0394,1199300063,2026-04-20,104.58,MKT_A
receipt_ref_001-0395,1199300064,2026-04-20,105.71,MKT_A
receipt_ref_001-0396,1199300065,2026-04-20,106.84,MKT_A
receipt_ref_001-0397,1199300066,2026-04-20,107.97,MKT_A
receipt_ref_001-0398,1199300067,2026-04-20,109.10,MKT_A
receipt_ref_001-0399,1199300068,2026-04-20,110.23,MKT_A
receipt_ref_001-0400,1199300069,2026-04-20,111.36,MKT_A
receipt_ref_001-0401,1199300070,2026-04-20,112.49,MKT_A
receipt_ref_001-0402,1199300071,2026-04-20,113.62,MKT_A
receipt_ref_001-0403,1199300072,2026-04-20,114.75,MKT_A
receipt_ref_001-0404,1199300073,2026-04-20,115.88,MKT_A
receipt_ref_001-0405,1199300074,2026-04-20,117.01,MKT_A
receipt_ref_001-0406,1199300075,2026-04-20,118.14,MKT_A
receipt_ref_001-0407,1199300076,2026-04-20,119.27,MKT_A
receipt_ref_001-0408,1199300077,2026-04-20,30.00,MKT_A
receipt_ref_001-0409,1199300078,2026-04-20,31.13,MKT_A
receipt_ref_001-0410,1199300079,2026-04-20,32.26,MKT_A
receipt_ref_001-0411,1199300080,2026-04-20,33.39,MKT_A
receipt_ref_001-0412,1199300081,2026-04-20,34.52,MKT_A
receipt_ref_001-0413,1199300082,2026-04-20,35.65,MKT_A
receipt_ref_001-0414,1199300083,2026-04-20,36.78,MKT_A
receipt_ref_001-0415,1199300084,2026-04-20,37.91,MKT_A
receipt_ref_001-0416,1199300085,2026-04-20,39.04,MKT_A
receipt_ref_001-0417,1199300086,2026-04-20,40.17,MKT_A
receipt_ref_001-0418,1199300087,2026-04-20,41.30,MKT_A
receipt_ref_001-0419,1199300088,2026-04-20,42.43,MKT_A
receipt_ref_001-0420,1199300089,2026-04-20,43.56,MKT_A
receipt_ref_001-0421,1199300090,2026-04-20,44.69,MKT_A
receipt_ref_001-0422,1199300091,2026-04-20,45.82,MKT_A
receipt_ref_001-0423,1199300092,2026-04-20,46.95,MKT_A
receipt_ref_001-0424,1199300093,2026-04-20,48.08,MKT_A
receipt_ref_001-0425,1199300094,2026-04-20,49.21,MKT_A
receipt_ref_001-0426,1199300095,2026-04-20,50.34,MKT_A
receipt_ref_001-0427,1199300096,2026-04-20,51.47,MKT_A
receipt_ref_001-0428,1199300097,2026-04-20,52.60,MKT_A
receipt_ref_001-0429,1199300098,2026-04-20,53.73,MKT_A
receipt_ref_001-0430,1190000001,2026-04-20,-75.00,MKT_A
receipt_ref_001-0431,1190000002,2026-04-20,-78.00,MKT_A
receipt_ref_001-0432,1190000003,2026-04-20,-81.00,MKT_A
receipt_ref_001-0433,1190000004,2026-04-20,-84.00,MKT_A
receipt_ref_001-0434,1190000005,2026-04-20,-87.00,MKT_A
receipt_ref_001-0435,1190000006,2026-04-20,-90.00,MKT_A
receipt_ref_001-0436,1190000007,2026-04-20,-93.00,MKT_A
receipt_ref_001-0437,1190000008,2026-04-20,-96.00,MKT_A
receipt_ref_001-0438,1190000009,2026-04-20,-99.00,MKT_A
receipt_ref_001-0439,1190000010,2026-04-20,-102.00,MKT_A
receipt_ref_001-0440,1190000011,2026-04-20,-105.00,MKT_A
receipt_ref_001-0441,1190000012,2026-04-20,-108.00,MKT_A
receipt_ref_001-0442,1190000013,2026-04-20,-75.00,MKT_A
receipt_ref_001-0443,1190000014,2026-04-20,-78.00,MKT_A
receipt_ref_001-0444,1190000015,2026-04-20,-81.00,MKT_A
receipt_ref_001-0445,1190000016,2026-04-20,-84.00,MKT_A
receipt_ref_001-0446,1190000017,2026-04-20,-87.00,MKT_A
receipt_ref_001-0447,1190000018,2026-04-20,-90.00,MKT_A
receipt_ref_001-0448,1190000019,2026-04-20,-93.00,MKT_A
receipt_ref_001-0449,1190000020,2026-04-20,-96.00,MKT_A
receipt_ref_001-0450,1180000001,2026-04-20,79.75,MKT_A
receipt_ref_001-0451,1180000002,2026-04-20,81.95,MKT_A
receipt_ref_001-0452,1180000003,2026-04-20,84.15,MKT_A
receipt_ref_001-0453,1180000004,2026-04-20,86.35,MKT_A
receipt_ref_001-0454,1180000005,2026-04-20,88.55,MKT_A
receipt_ref_001-0455,1180000006,2026-04-20,90.75,MKT_A
receipt_ref_001-0456,1180000007,2026-04-20,92.95,MKT_A
receipt_ref_001-0457,1180000008,2026-04-20,95.15,MKT_A
receipt_ref_001-0458,1180000009,2026-04-20,97.35,MKT_A
receipt_ref_001-0459,1180000010,2026-04-20,99.55,MKT_A
receipt_ref_001-0460,1180000011,2026-04-20,101.75,MKT_A
receipt_ref_001-0461,1180000012,2026-04-20,103.95,MKT_A
receipt_ref_001-0462,1180000013,2026-04-20,106.15,MKT_A
receipt_ref_001-0463,1180000014,2026-04-20,108.35,MKT_A
receipt_ref_001-0464,1180000015,2026-04-20,110.55,MKT_A
receipt_ref_001-0465,1180000016,2026-04-20,112.75,MKT_A
receipt_ref_001-0466,1180000017,2026-04-20,114.95,MKT_A
receipt_ref_001-0467,1180000018,2026-04-20,117.15,MKT_A
receipt_ref_001-0468,1180000019,2026-04-20,119.35,MKT_A
receipt_ref_001-0469,1180000020,2026-04-20,121.55,MKT_A
receipt_ref_001-0470,1180000021,2026-04-20,123.75,MKT_A
receipt_ref_001-0471,1180000022,2026-04-20,125.95,MKT_A
receipt_ref_001-0472,1180000023,2026-04-20,128.15,MKT_A
receipt_ref_001-0473,1180000024,2026-04-20,130.35,MKT_A
receipt_ref_001-0474,1180000025,2026-04-20,132.55,MKT_A
receipt_ref_001-0475,1180000026,2026-04-20,134.75,MKT_A
receipt_ref_001-0476,1180000027,2026-04-20,136.95,MKT_A
receipt_ref_001-0477,1180000028,2026-04-20,139.15,MKT_A
receipt_ref_001-0478,1180000029,2026-04-20,141.35,MKT_A
receipt_ref_001-0479,1180000030,2026-04-20,143.55,MKT_A
receipt_ref_001-0480,1170000001,2026-04-20,70.00,MKT_A
receipt_ref_001-0481,1170000002,2026-04-20,78.00,MKT_A
receipt_ref_001-0482,1160000001,2026-04-20,-55.00,MKT_A
receipt_ref_001-0483,1160000002,2026-04-20,-61.00,MKT_A
receipt_ref_001-0484,1160000003,2026-04-20,-67.00,MKT_A
receipt_ref_001-0485,1160000004,2026-04-20,-73.00,MKT_A
receipt_ref_001-0486,1150000486,2026-04-20,63.85,MKT_A
receipt_ref_001-0487,1150000487,2026-04-20,64.96,MKT_A
receipt_ref_001-0488,1150000488,2026-04-20,66.07,MKT_A
receipt_ref_001-0489,1150000489,2026-04-20,67.18,MKT_A
receipt_ref_001-0490,1150000490,2026-04-20,68.29,MKT_A
receipt_ref_001-0491,1150000491,2026-04-20,69.40,MKT_A
receipt_ref_001-0492,1150000492,2026-04-20,70.51,MKT_A
receipt_ref_001-0493,1150000493,2026-04-20,71.62,MKT_A
receipt_ref_001-0494,1150000494,2026-04-20,72.73,MKT_A
receipt_ref_001-0495,1150000495,2026-04-20,73.84,MKT_A
receipt_ref_001-0496,1150000496,2026-04-20,74.95,MKT_A
receipt_ref_001-0497,1150000497,2026-04-20,76.06,MKT_A
receipt_ref_001-0498,1150000498,2026-04-20,77.17,MKT_A
receipt_ref_001-0499,1150000499,2026-04-20,78.28,MKT_A
receipt_ref_001-0500,1150000500,2026-04-20,79.39,MKT_A
receipt_ref_002-0001,1198100000,2026-04-21,31.13,MKT_B
receipt_ref_002-0002,1198100001,2026-04-21,32.26,MKT_B
receipt_ref_002-0003,1198100002,2026-04-21,33.39,MKT_B
receipt_ref_002-0004,1198100003,2026-04-21,34.52,MKT_B
receipt_ref_002-0005,1198100004,2026-04-21,35.65,MKT_B
receipt_ref_002-0006,1198100005,2026-04-21,36.78,MKT_B
receipt_ref_002-0007,1198100006,2026-04-21,37.91,MKT_B
receipt_ref_002-0008,1198100007,2026-04-21,39.04,MKT_B
receipt_ref_002-0009,1198100008,2026-04-21,40.17,MKT_B
receipt_ref_002-0010,1198100009,2026-04-21,41.30,MKT_B
receipt_ref_002-0011,1198100010,2026-04-21,42.43,MKT_B
receipt_ref_002-0012,1198100011,2026-04-21,43.56,MKT_B
receipt_ref_002-0013,1198100012,2026-04-21,44.69,MKT_B
receipt_ref_002-0014,1198100013,2026-04-21,45.82,MKT_B
receipt_ref_002-0015,1198100014,2026-04-21,46.95,MKT_B
receipt_ref_002-0016,1198100015,2026-04-21,48.08,MKT_B
receipt_ref_002-0017,1198100016,2026-04-21,49.21,MKT_B
receipt_ref_002-0018,1198100017,2026-04-21,50.34,MKT_B
receipt_ref_002-0019,1198100018,2026-04-21,51.47,MKT_B
receipt_ref_002-0020,1198100019,2026-04-21,52.60,MKT_B
receipt_ref_002-0021,1198100020,2026-04-21,53.73,MKT_B
receipt_ref_002-0022,1198100021,2026-04-21,54.86,MKT_B
receipt_ref_002-0023,1198100022,2026-04-21,55.99,MKT_B
receipt_ref_002-0024,1198100023,2026-04-21,57.12,MKT_B
receipt_ref_002-0025,1198100024,2026-04-21,58.25,MKT_B
receipt_ref_002-0026,1198100025,2026-04-21,59.38,MKT_B
receipt_ref_002-0027,1198100026,2026-04-21,60.51,MKT_B
receipt_ref_002-0028,1198100027,2026-04-21,61.64,MKT_B
receipt_ref_002-0029,1198100028,2026-04-21,62.77,MKT_B
receipt_ref_002-0030,1198100029,2026-04-21,63.90,MKT_B
receipt_ref_002-0031,1198100030,2026-04-21,65.03,MKT_B
receipt_ref_002-0032,1198100031,2026-04-21,66.16,MKT_B
receipt_ref_002-0033,1198100032,2026-04-21,67.29,MKT_B
receipt_ref_002-0034,1198100033,2026-04-21,68.42,MKT_B
receipt_ref_002-0035,1198100034,2026-04-21,69.55,MKT_B
receipt_ref_002-0036,1198100035,2026-04-21,70.68,MKT_B
receipt_ref_002-0037,1198100036,2026-04-21,71.81,MKT_B
receipt_ref_002-0038,1198100037,2026-04-21,72.94,MKT_B
receipt_ref_002-0039,1198100038,2026-04-21,74.07,MKT_B
receipt_ref_002-0040,1198100039,2026-04-21,75.20,MKT_B
receipt_ref_002-0041,1198100040,2026-04-21,76.33,MKT_B
receipt_ref_002-0042,1198100041,2026-04-21,77.46,MKT_B
receipt_ref_002-0043,1198100042,2026-04-21,78.59,MKT_B
receipt_ref_002-0044,1198100043,2026-04-21,79.72,MKT_B
receipt_ref_002-0045,1198100044,2026-04-21,80.85,MKT_B
receipt_ref_002-0046,1198100045,2026-04-21,81.98,MKT_B
receipt_ref_002-0047,1198100046,2026-04-21,83.11,MKT_B
receipt_ref_002-0048,1198100047,2026-04-21,84.24,MKT_B
receipt_ref_002-0049,1198100048,2026-04-21,85.37,MKT_B
receipt_ref_002-0050,1198100049,2026-04-21,86.50,MKT_B
receipt_ref_002-0051,1198100050,2026-04-21,87.63,MKT_B
receipt_ref_002-0052,1198100051,2026-04-21,88.76,MKT_B
receipt_ref_002-0053,1198100052,2026-04-21,89.89,MKT_B
receipt_ref_002-0054,1198100053,2026-04-21,91.02,MKT_B
receipt_ref_002-0055,1198100054,2026-04-21,92.15,MKT_B
receipt_ref_002-0056,1198100055,2026-04-21,93.28,MKT_B
receipt_ref_002-0057,1198100056,2026-04-21,94.41,MKT_B
receipt_ref_002-0058,1198100057,2026-04-21,95.54,MKT_B
receipt_ref_002-0059,1198100058,2026-04-21,96.67,MKT_B
receipt_ref_002-0060,1198100059,2026-04-21,97.80,MKT_B
receipt_ref_002-0061,1198100060,2026-04-21,98.93,MKT_B
receipt_ref_002-0062,1198100061,2026-04-21,100.06,MKT_B
receipt_ref_002-0063,1198100062,2026-04-21,101.19,MKT_B
receipt_ref_002-0064,1198100063,2026-04-21,102.32,MKT_B
receipt_ref_002-0065,1198100064,2026-04-21,103.45,MKT_B
receipt_ref_002-0066,1198100065,2026-04-21,104.58,MKT_B
receipt_ref_002-0067,1198100066,2026-04-21,105.71,MKT_B
receipt_ref_002-0068,1198100067,2026-04-21,106.84,MKT_B
receipt_ref_002-0069,1198100068,2026-04-21,107.97,MKT_B
receipt_ref_002-0070,1198100069,2026-04-21,109.10,MKT_B
receipt_ref_002-0071,1198100070,2026-04-21,110.23,MKT_B
receipt_ref_002-0072,1198100071,2026-04-21,111.36,MKT_B
receipt_ref_002-0073,1198100072,2026-04-21,112.49,MKT_B
receipt_ref_002-0074,1198100073,2026-04-21,113.62,MKT_B
receipt_ref_002-0075,1198100074,2026-04-21,114.75,MKT_B
receipt_ref_002-0076,1198100075,2026-04-21,115.88,MKT_B
receipt_ref_002-0077,1198100076,2026-04-21,117.01,MKT_B
receipt_ref_002-0078,1198100077,2026-04-21,118.14,MKT_B
receipt_ref_002-0079,1198100078,2026-04-21,119.27,MKT_B
receipt_ref_002-0080,1198100079,2026-04-21,30.00,MKT_B
receipt_ref_002-0081,1198100080,2026-04-21,31.13,MKT_B
receipt_ref_002-0082,1198100081,2026-04-21,32.26,MKT_B
receipt_ref_002-0083,1198100082,2026-04-21,33.39,MKT_B
receipt_ref_002-0084,1198100083,2026-04-21,34.52,MKT_B
receipt_ref_002-0085,1198100084,2026-04-21,35.65,MKT_B
receipt_ref_002-0086,1198100085,2026-04-21,36.78,MKT_B
receipt_ref_002-0087,1198100086,2026-04-21,37.91,MKT_B
receipt_ref_002-0088,1198100087,2026-04-21,39.04,MKT_B
receipt_ref_002-0089,1198100088,2026-04-21,40.17,MKT_B
receipt_ref_002-0090,1198100089,2026-04-21,41.30,MKT_B
receipt_ref_002-0091,1198100090,2026-04-21,42.43,MKT_B
receipt_ref_002-0092,1198100091,2026-04-21,43.56,MKT_B
receipt_ref_002-0093,1198100092,2026-04-21,44.69,MKT_B
receipt_ref_002-0094,1198100093,2026-04-21,45.82,MKT_B
receipt_ref_002-0095,1198100094,2026-04-21,46.95,MKT_B
receipt_ref_002-0096,1198100095,2026-04-21,48.08,MKT_B
receipt_ref_002-0097,1198100096,2026-04-21,49.21,MKT_B
receipt_ref_002-0098,1198100097,2026-04-21,50.34,MKT_B
receipt_ref_002-0099,1198100098,2026-04-21,51.47,MKT_B
receipt_ref_002-0100,1198100099,2026-04-21,52.60,MKT_B
receipt_ref_002-0101,1198100100,2026-04-21,53.73,MKT_B
receipt_ref_002-0102,1198100101,2026-04-21,54.86,MKT_B
receipt_ref_002-0103,1198100102,2026-04-21,55.99,MKT_B
receipt_ref_002-0104,1198100103,2026-04-21,57.12,MKT_B
receipt_ref_002-0105,1198100104,2026-04-21,58.25,MKT_B
receipt_ref_002-0106,1198100105,2026-04-21,59.38,MKT_B
receipt_ref_002-0107,1198100106,2026-04-21,60.51,MKT_B
receipt_ref_002-0108,1198100107,2026-04-21,61.64,MKT_B
receipt_ref_002-0109,1198100108,2026-04-21,62.77,MKT_B
receipt_ref_002-0110,1198100109,2026-04-21,63.90,MKT_B
receipt_ref_002-0111,1198100110,2026-04-21,65.03,MKT_B
receipt_ref_002-0112,1198100111,2026-04-21,66.16,MKT_B
receipt_ref_002-0113,1198100112,2026-04-21,67.29,MKT_B
receipt_ref_002-0114,1198100113,2026-04-21,68.42,MKT_B
receipt_ref_002-0115,1198100114,2026-04-21,69.55,MKT_B
receipt_ref_002-0116,1198100115,2026-04-21,70.68,MKT_B
receipt_ref_002-0117,1198100116,2026-04-21,71.81,MKT_B
receipt_ref_002-0118,1198100117,2026-04-21,72.94,MKT_B
receipt_ref_002-0119,1198100118,2026-04-21,74.07,MKT_B
receipt_ref_002-0120,1198100119,2026-04-21,75.20,MKT_B
receipt_ref_002-0121,1198100120,2026-04-21,76.33,MKT_B
receipt_ref_002-0122,1198100121,2026-04-21,77.46,MKT_B
receipt_ref_002-0123,1198100122,2026-04-21,78.59,MKT_B
receipt_ref_002-0124,1198100123,2026-04-21,79.72,MKT_B
receipt_ref_002-0125,1198100124,2026-04-21,80.85,MKT_B
receipt_ref_002-0126,1198100125,2026-04-21,81.98,MKT_B
receipt_ref_002-0127,1198100126,2026-04-21,83.11,MKT_B
receipt_ref_002-0128,1198100127,2026-04-21,84.24,MKT_B
receipt_ref_002-0129,1198100128,2026-04-21,85.37,MKT_B
receipt_ref_002-0130,1198100129,2026-04-21,86.50,MKT_B
receipt_ref_002-0131,1198200000,2026-04-21,32.26,MKT_B
receipt_ref_002-0132,1198200001,2026-04-21,33.39,MKT_B
receipt_ref_002-0133,1198200002,2026-04-21,34.52,MKT_B
receipt_ref_002-0134,1198200003,2026-04-21,35.65,MKT_B
receipt_ref_002-0135,1198200004,2026-04-21,36.78,MKT_B
receipt_ref_002-0136,1198200005,2026-04-21,37.91,MKT_B
receipt_ref_002-0137,1198200006,2026-04-21,39.04,MKT_B
receipt_ref_002-0138,1198200007,2026-04-21,40.17,MKT_B
receipt_ref_002-0139,1198200008,2026-04-21,41.30,MKT_B
receipt_ref_002-0140,1198200009,2026-04-21,42.43,MKT_B
receipt_ref_002-0141,1198200010,2026-04-21,43.56,MKT_B
receipt_ref_002-0142,1198200011,2026-04-21,44.69,MKT_B
receipt_ref_002-0143,1198200012,2026-04-21,45.82,MKT_B
receipt_ref_002-0144,1198200013,2026-04-21,46.95,MKT_B
receipt_ref_002-0145,1198200014,2026-04-21,48.08,MKT_B
receipt_ref_002-0146,1198200015,2026-04-21,49.21,MKT_B
receipt_ref_002-0147,1198200016,2026-04-21,50.34,MKT_B
receipt_ref_002-0148,1198200017,2026-04-21,51.47,MKT_B
receipt_ref_002-0149,1198200018,2026-04-21,52.60,MKT_B
receipt_ref_002-0150,1198200019,2026-04-21,53.73,MKT_B
receipt_ref_002-0151,1198200020,2026-04-21,54.86,MKT_B
receipt_ref_002-0152,1198200021,2026-04-21,55.99,MKT_B
receipt_ref_002-0153,1198200022,2026-04-21,57.12,MKT_B
receipt_ref_002-0154,1198200023,2026-04-21,58.25,MKT_B
receipt_ref_002-0155,1198200024,2026-04-21,59.38,MKT_B
receipt_ref_002-0156,1198200025,2026-04-21,60.51,MKT_B
receipt_ref_002-0157,1198200026,2026-04-21,61.64,MKT_B
receipt_ref_002-0158,1198200027,2026-04-21,62.77,MKT_B
receipt_ref_002-0159,1198200028,2026-04-21,63.90,MKT_B
receipt_ref_002-0160,1198200029,2026-04-21,65.03,MKT_B
receipt_ref_002-0161,1198200030,2026-04-21,66.16,MKT_B
receipt_ref_002-0162,1198200031,2026-04-21,67.29,MKT_B
receipt_ref_002-0163,1198200032,2026-04-21,68.42,MKT_B
receipt_ref_002-0164,1198200033,2026-04-21,69.55,MKT_B
receipt_ref_002-0165,1198200034,2026-04-21,70.68,MKT_B
receipt_ref_002-0166,1198200035,2026-04-21,71.81,MKT_B
receipt_ref_002-0167,1198200036,2026-04-21,72.94,MKT_B
receipt_ref_002-0168,1198200037,2026-04-21,74.07,MKT_B
receipt_ref_002-0169,1198200038,2026-04-21,75.20,MKT_B
receipt_ref_002-0170,1198200039,2026-04-21,76.33,MKT_B
receipt_ref_002-0171,1198200040,2026-04-21,77.46,MKT_B
receipt_ref_002-0172,1198200041,2026-04-21,78.59,MKT_B
receipt_ref_002-0173,1198200042,2026-04-21,79.72,MKT_B
receipt_ref_002-0174,1198200043,2026-04-21,80.85,MKT_B
receipt_ref_002-0175,1198200044,2026-04-21,81.98,MKT_B
receipt_ref_002-0176,1198200045,2026-04-21,83.11,MKT_B
receipt_ref_002-0177,1198200046,2026-04-21,84.24,MKT_B
receipt_ref_002-0178,1198200047,2026-04-21,85.37,MKT_B
receipt_ref_002-0179,1198200048,2026-04-21,86.50,MKT_B
receipt_ref_002-0180,1198200049,2026-04-21,87.63,MKT_B
receipt_ref_002-0181,1198200050,2026-04-21,88.76,MKT_B
receipt_ref_002-0182,1198200051,2026-04-21,89.89,MKT_B
receipt_ref_002-0183,1198200052,2026-04-21,91.02,MKT_B
receipt_ref_002-0184,1198200053,2026-04-21,92.15,MKT_B
receipt_ref_002-0185,1198200054,2026-04-21,93.28,MKT_B
receipt_ref_002-0186,1198200055,2026-04-21,94.41,MKT_B
receipt_ref_002-0187,1198200056,2026-04-21,95.54,MKT_B
receipt_ref_002-0188,1198200057,2026-04-21,96.67,MKT_B
receipt_ref_002-0189,1198200058,2026-04-21,97.80,MKT_B
receipt_ref_002-0190,1198200059,2026-04-21,98.93,MKT_B
receipt_ref_002-0191,1198200060,2026-04-21,100.06,MKT_B
receipt_ref_002-0192,1198200061,2026-04-21,101.19,MKT_B
receipt_ref_002-0193,1198200062,2026-04-21,102.32,MKT_B
receipt_ref_002-0194,1198200063,2026-04-21,103.45,MKT_B
receipt_ref_002-0195,1198200064,2026-04-21,104.58,MKT_B
receipt_ref_002-0196,1198200065,2026-04-21,105.71,MKT_B
receipt_ref_002-0197,1198200066,2026-04-21,106.84,MKT_B
receipt_ref_002-0198,1198200067,2026-04-21,107.97,MKT_B
receipt_ref_002-0199,1198200068,2026-04-21,109.10,MKT_B
receipt_ref_002-0200,1198200069,2026-04-21,110.23,MKT_B
receipt_ref_002-0201,1198200070,2026-04-21,111.36,MKT_B
receipt_ref_002-0202,1198200071,2026-04-21,112.49,MKT_B
receipt_ref_002-0203,1198200072,2026-04-21,113.62,MKT_B
receipt_ref_002-0204,1198200073,2026-04-21,114.75,MKT_B
receipt_ref_002-0205,1198200074,2026-04-21,115.88,MKT_B
receipt_ref_002-0206,1198200075,2026-04-21,117.01,MKT_B
receipt_ref_002-0207,1198200076,2026-04-21,118.14,MKT_B
receipt_ref_002-0208,1198200077,2026-04-21,119.27,MKT_B
receipt_ref_002-0209,1198200078,2026-04-21,30.00,MKT_B
receipt_ref_002-0210,1198200079,2026-04-21,31.13,MKT_B
receipt_ref_002-0211,1198200080,2026-04-21,32.26,MKT_B
receipt_ref_002-0212,1198200081,2026-04-21,33.39,MKT_B
receipt_ref_002-0213,1198200082,2026-04-21,34.52,MKT_B
receipt_ref_002-0214,1198200083,2026-04-21,35.65,MKT_B
receipt_ref_002-0215,1198200084,2026-04-21,36.78,MKT_B
receipt_ref_002-0216,1198200085,2026-04-21,37.91,MKT_B
receipt_ref_002-0217,1198200086,2026-04-21,39.04,MKT_B
receipt_ref_002-0218,1198200087,2026-04-21,40.17,MKT_B
receipt_ref_002-0219,1198200088,2026-04-21,41.30,MKT_B
receipt_ref_002-0220,1198200089,2026-04-21,42.43,MKT_B
receipt_ref_002-0221,1190000002,2026-04-21,-70.00,MKT_B
receipt_ref_002-0222,1190000003,2026-04-21,-73.00,MKT_B
receipt_ref_002-0223,1190000004,2026-04-21,-76.00,MKT_B
receipt_ref_002-0224,1190000005,2026-04-21,-79.00,MKT_B
receipt_ref_002-0225,1190000006,2026-04-21,-82.00,MKT_B
receipt_ref_002-0226,1190000007,2026-04-21,-85.00,MKT_B
receipt_ref_002-0227,1190000008,2026-04-21,-88.00,MKT_B
receipt_ref_002-0228,1190000009,2026-04-21,-91.00,MKT_B
receipt_ref_002-0229,1180000002,2026-04-21,79.75,MKT_B
receipt_ref_002-0230,1180000003,2026-04-21,81.95,MKT_B
receipt_ref_002-0231,1180000004,2026-04-21,84.15,MKT_B
receipt_ref_002-0232,1180000005,2026-04-21,86.35,MKT_B
receipt_ref_002-0233,1180000006,2026-04-21,88.55,MKT_B
receipt_ref_002-0234,1180000007,2026-04-21,90.75,MKT_B
receipt_ref_002-0235,1180000008,2026-04-21,92.95,MKT_B
receipt_ref_002-0236,1180000009,2026-04-21,95.15,MKT_B
receipt_ref_002-0237,1180000010,2026-04-21,97.35,MKT_B
receipt_ref_002-0238,1180000011,2026-04-21,99.55,MKT_B
receipt_ref_002-0239,1180000012,2026-04-21,101.75,MKT_B
receipt_ref_002-0240,1180000013,2026-04-21,103.95,MKT_B
receipt_ref_002-0241,1170000002,2026-04-21,70.00,MKT_B
receipt_ref_002-0242,1170000003,2026-04-21,78.00,MKT_B
receipt_ref_002-0243,1170000004,2026-04-21,86.00,MKT_B
receipt_ref_002-0244,1160000002,2026-04-21,-55.00,MKT_B
receipt_ref_002-0245,1160000003,2026-04-21,-61.00,MKT_B
receipt_ref_002-0246,1150000247,2026-04-21,74.95,MKT_B
receipt_ref_002-0247,1150000248,2026-04-21,76.06,MKT_B
receipt_ref_002-0248,1150000249,2026-04-21,77.17,MKT_B
receipt_ref_002-0249,1150000250,2026-04-21,78.28,MKT_B
receipt_ref_002-0250,1150000251,2026-04-21,79.39,MKT_B
receipt_ref_002-0251,1150000252,2026-04-21,25.00,MKT_B
receipt_ref_002-0252,1150000253,2026-04-21,26.11,MKT_B
receipt_ref_002-0253,1150000254,2026-04-21,27.22,MKT_B
receipt_ref_002-0254,1150000255,2026-04-21,28.33,MKT_B
receipt_ref_002-0255,1150000256,2026-04-21,29.44,MKT_B
receipt_ref_002-0256,1150000257,2026-04-21,30.55,MKT_B
receipt_ref_002-0257,1150000258,2026-04-21,31.66,MKT_B
receipt_ref_002-0258,1150000259,2026-04-21,32.77,MKT_B
receipt_ref_002-0259,1150000260,2026-04-21,33.88,MKT_B
receipt_ref_002-0260,1150000261,2026-04-21,34.99,MKT_B
receipt_ref_003-0001,1197100000,2026-04-22,31.13,MKT_C
receipt_ref_003-0002,1197100001,2026-04-22,32.26,MKT_C
receipt_ref_003-0003,1197100002,2026-04-22,33.39,MKT_C
receipt_ref_003-0004,1197100003,2026-04-22,34.52,MKT_C
receipt_ref_003-0005,1197100004,2026-04-22,35.65,MKT_C
receipt_ref_003-0006,1197100005,2026-04-22,36.78,MKT_C
receipt_ref_003-0007,1197100006,2026-04-22,37.91,MKT_C
receipt_ref_003-0008,1197100007,2026-04-22,39.04,MKT_C
receipt_ref_003-0009,1197100008,2026-04-22,40.17,MKT_C
receipt_ref_003-0010,1197100009,2026-04-22,41.30,MKT_C
receipt_ref_003-0011,1197100010,2026-04-22,42.43,MKT_C
receipt_ref_003-0012,1197100011,2026-04-22,43.56,MKT_C
receipt_ref_003-0013,1197100012,2026-04-22,44.69,MKT_C
receipt_ref_003-0014,1197100013,2026-04-22,45.82,MKT_C
receipt_ref_003-0015,1197100014,2026-04-22,46.95,MKT_C
receipt_ref_003-0016,1197100015,2026-04-22,48.08,MKT_C
receipt_ref_003-0017,1197100016,2026-04-22,49.21,MKT_C
receipt_ref_003-0018,1197100017,2026-04-22,50.34,MKT_C
receipt_ref_003-0019,1197100018,2026-04-22,51.47,MKT_C
receipt_ref_003-0020,1197100019,2026-04-22,52.60,MKT_C
receipt_ref_003-0021,1197100020,2026-04-22,53.73,MKT_C
receipt_ref_003-0022,1197100021,2026-04-22,54.86,MKT_C
receipt_ref_003-0023,1197100022,2026-04-22,55.99,MKT_C
receipt_ref_003-0024,1197100023,2026-04-22,57.12,MKT_C
receipt_ref_003-0025,1197100024,2026-04-22,58.25,MKT_C
receipt_ref_003-0026,1197100025,2026-04-22,59.38,MKT_C
receipt_ref_003-0027,1197100026,2026-04-22,60.51,MKT_C
receipt_ref_003-0028,1197100027,2026-04-22,61.64,MKT_C
receipt_ref_003-0029,1197100028,2026-04-22,62.77,MKT_C
receipt_ref_003-0030,1197100029,2026-04-22,63.90,MKT_C
receipt_ref_003-0031,1197100030,2026-04-22,65.03,MKT_C
receipt_ref_003-0032,1197100031,2026-04-22,66.16,MKT_C
receipt_ref_003-0033,1197100032,2026-04-22,67.29,MKT_C
receipt_ref_003-0034,1197100033,2026-04-22,68.42,MKT_C
receipt_ref_003-0035,1197100034,2026-04-22,69.55,MKT_C
receipt_ref_003-0036,1197100035,2026-04-22,70.68,MKT_C
receipt_ref_003-0037,1197100036,2026-04-22,71.81,MKT_C
receipt_ref_003-0038,1197100037,2026-04-22,72.94,MKT_C
receipt_ref_003-0039,1197100038,2026-04-22,74.07,MKT_C
receipt_ref_003-0040,1197100039,2026-04-22,75.20,MKT_C
receipt_ref_003-0041,1197100040,2026-04-22,76.33,MKT_C
receipt_ref_003-0042,1197100041,2026-04-22,77.46,MKT_C
receipt_ref_003-0043,1197100042,2026-04-22,78.59,MKT_C
receipt_ref_003-0044,1197100043,2026-04-22,79.72,MKT_C
receipt_ref_003-0045,1197100044,2026-04-22,80.85,MKT_C
receipt_ref_003-0046,1197100045,2026-04-22,81.98,MKT_C
receipt_ref_003-0047,1197100046,2026-04-22,83.11,MKT_C
receipt_ref_003-0048,1197100047,2026-04-22,84.24,MKT_C
receipt_ref_003-0049,1197100048,2026-04-22,85.37,MKT_C
receipt_ref_003-0050,1197100049,2026-04-22,86.50,MKT_C
receipt_ref_003-0051,1197100050,2026-04-22,87.63,MKT_C
receipt_ref_003-0052,1197100051,2026-04-22,88.76,MKT_C
receipt_ref_003-0053,1197100052,2026-04-22,89.89,MKT_C
receipt_ref_003-0054,1197100053,2026-04-22,91.02,MKT_C
receipt_ref_003-0055,1197100054,2026-04-22,92.15,MKT_C
receipt_ref_003-0056,1197100055,2026-04-22,93.28,MKT_C
receipt_ref_003-0057,1197100056,2026-04-22,94.41,MKT_C
receipt_ref_003-0058,1197100057,2026-04-22,95.54,MKT_C
receipt_ref_003-0059,1197100058,2026-04-22,96.67,MKT_C
receipt_ref_003-0060,1197100059,2026-04-22,97.80,MKT_C
receipt_ref_003-0061,1197100060,2026-04-22,98.93,MKT_C
receipt_ref_003-0062,1197100061,2026-04-22,100.06,MKT_C
receipt_ref_003-0063,1197100062,2026-04-22,101.19,MKT_C
receipt_ref_003-0064,1197100063,2026-04-22,102.32,MKT_C
receipt_ref_003-0065,1197100064,2026-04-22,103.45,MKT_C
receipt_ref_003-0066,1197100065,2026-04-22,104.58,MKT_C
receipt_ref_003-0067,1197100066,2026-04-22,105.71,MKT_C
receipt_ref_003-0068,1197100067,2026-04-22,106.84,MKT_C
receipt_ref_003-0069,1197100068,2026-04-22,107.97,MKT_C
receipt_ref_003-0070,1197100069,2026-04-22,109.10,MKT_C
receipt_ref_003-0071,1197100070,2026-04-22,110.23,MKT_C
receipt_ref_003-0072,1197100071,2026-04-22,111.36,MKT_C
receipt_ref_003-0073,1197100072,2026-04-22,112.49,MKT_C
receipt_ref_003-0074,1197100073,2026-04-22,113.62,MKT_C
receipt_ref_003-0075,1197100074,2026-04-22,114.75,MKT_C
receipt_ref_003-0076,1197100075,2026-04-22,115.88,MKT_C
receipt_ref_003-0077,1197100076,2026-04-22,117.01,MKT_C
receipt_ref_003-0078,1197100077,2026-04-22,118.14,MKT_C
receipt_ref_003-0079,1197100078,2026-04-22,119.27,MKT_C
receipt_ref_003-0080,1197100079,2026-04-22,30.00,MKT_C
receipt_ref_003-0081,1197100080,2026-04-22,31.13,MKT_C
receipt_ref_003-0082,1197100081,2026-04-22,32.26,MKT_C
receipt_ref_003-0083,1197100082,2026-04-22,33.39,MKT_C
receipt_ref_003-0084,1197100083,2026-04-22,34.52,MKT_C
receipt_ref_003-0085,1197100084,2026-04-22,35.65,MKT_C
receipt_ref_003-0086,1197100085,2026-04-22,36.78,MKT_C
receipt_ref_003-0087,1197100086,2026-04-22,37.91,MKT_C
receipt_ref_003-0088,1197100087,2026-04-22,39.04,MKT_C
receipt_ref_003-0089,1197100088,2026-04-22,40.17,MKT_C
receipt_ref_003-0090,1197100089,2026-04-22,41.30,MKT_C
receipt_ref_003-0091,1197200000,2026-04-22,32.26,MKT_C
receipt_ref_003-0092,1197200001,2026-04-22,33.39,MKT_C
receipt_ref_003-0093,1197200002,2026-04-22,34.52,MKT_C
receipt_ref_003-0094,1197200003,2026-04-22,35.65,MKT_C
receipt_ref_003-0095,1197200004,2026-04-22,36.78,MKT_C
receipt_ref_003-0096,1197200005,2026-04-22,37.91,MKT_C
receipt_ref_003-0097,1197200006,2026-04-22,39.04,MKT_C
receipt_ref_003-0098,1197200007,2026-04-22,40.17,MKT_C
receipt_ref_003-0099,1197200008,2026-04-22,41.30,MKT_C
receipt_ref_003-0100,1197200009,2026-04-22,42.43,MKT_C
receipt_ref_003-0101,1197200010,2026-04-22,43.56,MKT_C
receipt_ref_003-0102,1197200011,2026-04-22,44.69,MKT_C
receipt_ref_003-0103,1197200012,2026-04-22,45.82,MKT_C
receipt_ref_003-0104,1197200013,2026-04-22,46.95,MKT_C
receipt_ref_003-0105,1197200014,2026-04-22,48.08,MKT_C
receipt_ref_003-0106,1197200015,2026-04-22,49.21,MKT_C
receipt_ref_003-0107,1197200016,2026-04-22,50.34,MKT_C
receipt_ref_003-0108,1197200017,2026-04-22,51.47,MKT_C
receipt_ref_003-0109,1197200018,2026-04-22,52.60,MKT_C
receipt_ref_003-0110,1197200019,2026-04-22,53.73,MKT_C
receipt_ref_003-0111,1197200020,2026-04-22,54.86,MKT_C
receipt_ref_003-0112,1197200021,2026-04-22,55.99,MKT_C
receipt_ref_003-0113,1197200022,2026-04-22,57.12,MKT_C
receipt_ref_003-0114,1197200023,2026-04-22,58.25,MKT_C
receipt_ref_003-0115,1197200024,2026-04-22,59.38,MKT_C
receipt_ref_003-0116,1197200025,2026-04-22,60.51,MKT_C
receipt_ref_003-0117,1197200026,2026-04-22,61.64,MKT_C
receipt_ref_003-0118,1197200027,2026-04-22,62.77,MKT_C
receipt_ref_003-0119,1197200028,2026-04-22,63.90,MKT_C
receipt_ref_003-0120,1197200029,2026-04-22,65.03,MKT_C
receipt_ref_003-0121,1197200030,2026-04-22,66.16,MKT_C
receipt_ref_003-0122,1197200031,2026-04-22,67.29,MKT_C
receipt_ref_003-0123,1197200032,2026-04-22,68.42,MKT_C
receipt_ref_003-0124,1197200033,2026-04-22,69.55,MKT_C
receipt_ref_003-0125,1197200034,2026-04-22,70.68,MKT_C
receipt_ref_003-0126,1197200035,2026-04-22,71.81,MKT_C
receipt_ref_003-0127,1197200036,2026-04-22,72.94,MKT_C
receipt_ref_003-0128,1197200037,2026-04-22,74.07,MKT_C
receipt_ref_003-0129,1197200038,2026-04-22,75.20,MKT_C
receipt_ref_003-0130,1197200039,2026-04-22,76.33,MKT_C
receipt_ref_003-0131,1197200040,2026-04-22,77.46,MKT_C
receipt_ref_003-0132,1197200041,2026-04-22,78.59,MKT_C
receipt_ref_003-0133,1197200042,2026-04-22,79.72,MKT_C
receipt_ref_003-0134,1197200043,2026-04-22,80.85,MKT_C
receipt_ref_003-0135,1197200044,2026-04-22,81.98,MKT_C
receipt_ref_003-0136,1197200045,2026-04-22,83.11,MKT_C
receipt_ref_003-0137,1197200046,2026-04-22,84.24,MKT_C
receipt_ref_003-0138,1197200047,2026-04-22,85.37,MKT_C
receipt_ref_003-0139,1197200048,2026-04-22,86.50,MKT_C
receipt_ref_003-0140,1197200049,2026-04-22,87.63,MKT_C
receipt_ref_003-0141,1197200050,2026-04-22,88.76,MKT_C
receipt_ref_003-0142,1197200051,2026-04-22,89.89,MKT_C
receipt_ref_003-0143,1197200052,2026-04-22,91.02,MKT_C
receipt_ref_003-0144,1197200053,2026-04-22,92.15,MKT_C
receipt_ref_003-0145,1197200054,2026-04-22,93.28,MKT_C
receipt_ref_003-0146,1197200055,2026-04-22,94.41,MKT_C
receipt_ref_003-0147,1197200056,2026-04-22,95.54,MKT_C
receipt_ref_003-0148,1190000003,2026-04-22,-70.00,MKT_C
receipt_ref_003-0149,1190000004,2026-04-22,-73.00,MKT_C
receipt_ref_003-0150,1190000005,2026-04-22,-76.00,MKT_C
receipt_ref_003-0151,1190000006,2026-04-22,-79.00,MKT_C
receipt_ref_003-0152,1190000007,2026-04-22,-82.00,MKT_C
receipt_ref_003-0153,1190000008,2026-04-22,-85.00,MKT_C
receipt_ref_003-0154,1180000003,2026-04-22,79.75,MKT_C
receipt_ref_003-0155,1180000004,2026-04-22,81.95,MKT_C
receipt_ref_003-0156,1180000005,2026-04-22,84.15,MKT_C
receipt_ref_003-0157,1180000006,2026-04-22,86.35,MKT_C
receipt_ref_003-0158,1180000007,2026-04-22,88.55,MKT_C
receipt_ref_003-0159,1180000008,2026-04-22,90.75,MKT_C
receipt_ref_003-0160,1180000009,2026-04-22,92.95,MKT_C
receipt_ref_003-0161,1180000010,2026-04-22,95.15,MKT_C
receipt_ref_003-0162,1170000003,2026-04-22,70.00,MKT_C
receipt_ref_003-0163,1170000004,2026-04-22,78.00,MKT_C
receipt_ref_003-0164,1160000003,2026-04-22,-55.00,MKT_C
receipt_ref_003-0165,1160000004,2026-04-22,-61.00,MKT_C
receipt_ref_003-0166,1150000168,2026-04-22,41.65,MKT_C
receipt_ref_003-0167,1150000169,2026-04-22,42.76,MKT_C
receipt_ref_003-0168,1150000170,2026-04-22,43.87,MKT_C
receipt_ref_003-0169,1150000171,2026-04-22,44.98,MKT_C
receipt_ref_003-0170,1150000172,2026-04-22,46.09,MKT_C
receipt_ref_003-0171,1150000173,2026-04-22,47.20,MKT_C
receipt_ref_003-0172,1150000174,2026-04-22,48.31,MKT_C
receipt_ref_003-0173,1150000175,2026-04-22,49.42,MKT_C
receipt_ref_003-0174,1150000176,2026-04-22,50.53,MKT_C
receipt_ref_003-0175,1150000177,2026-04-22,51.64,MKT_C
receipt_ref_003-0176,1150000178,2026-04-22,52.75,MKT_C
receipt_ref_003-0177,1150000179,2026-04-22,53.86,MKT_C
receipt_ref_003-0178,1150000180,2026-04-22,54.97,MKT_C
receipt_ref_003-0179,1150000181,2026-04-22,56.08,MKT_C
receipt_ref_003-0180,1150000182,2026-04-22,57.19,MKT_C
receipt_ref_004-0001,1196100000,2026-04-23,31.13,MKT_D
receipt_ref_004-0002,1196100001,2026-04-23,32.26,MKT_D
receipt_ref_004-0003,1196100002,2026-04-23,33.39,MKT_D
receipt_ref_004-0004,1196100003,2026-04-23,34.52,MKT_D
receipt_ref_004-0005,1196100004,2026-04-23,35.65,MKT_D
receipt_ref_004-0006,1196100005,2026-04-23,36.78,MKT_D
receipt_ref_004-0007,1196100006,2026-04-23,37.91,MKT_D
receipt_ref_004-0008,1196100007,2026-04-23,39.04,MKT_D
receipt_ref_004-0009,1196100008,2026-04-23,40.17,MKT_D
receipt_ref_004-0010,1196100009,2026-04-23,41.30,MKT_D
receipt_ref_004-0011,1196100010,2026-04-23,42.43,MKT_D
receipt_ref_004-0012,1196100011,2026-04-23,43.56,MKT_D
receipt_ref_004-0013,1196100012,2026-04-23,44.69,MKT_D
receipt_ref_004-0014,1196100013,2026-04-23,45.82,MKT_D
receipt_ref_004-0015,1196100014,2026-04-23,46.95,MKT_D
receipt_ref_004-0016,1196100015,2026-04-23,48.08,MKT_D
receipt_ref_004-0017,1196100016,2026-04-23,49.21,MKT_D
receipt_ref_004-0018,1196100017,2026-04-23,50.34,MKT_D
receipt_ref_004-0019,1196100018,2026-04-23,51.47,MKT_D
receipt_ref_004-0020,1196100019,2026-04-23,52.60,MKT_D
receipt_ref_004-0021,1196100020,2026-04-23,53.73,MKT_D
receipt_ref_004-0022,1196100021,2026-04-23,54.86,MKT_D
receipt_ref_004-0023,1196100022,2026-04-23,55.99,MKT_D
receipt_ref_004-0024,1196100023,2026-04-23,57.12,MKT_D
receipt_ref_004-0025,1196100024,2026-04-23,58.25,MKT_D
receipt_ref_004-0026,1196100025,2026-04-23,59.38,MKT_D
receipt_ref_004-0027,1196100026,2026-04-23,60.51,MKT_D
receipt_ref_004-0028,1196100027,2026-04-23,61.64,MKT_D
receipt_ref_004-0029,1196100028,2026-04-23,62.77,MKT_D
receipt_ref_004-0030,1196100029,2026-04-23,63.90,MKT_D
receipt_ref_004-0031,1196100030,2026-04-23,65.03,MKT_D
receipt_ref_004-0032,1196100031,2026-04-23,66.16,MKT_D
receipt_ref_004-0033,1196100032,2026-04-23,67.29,MKT_D
receipt_ref_004-0034,1196100033,2026-04-23,68.42,MKT_D
receipt_ref_004-0035,1196100034,2026-04-23,69.55,MKT_D
receipt_ref_004-0036,1196100035,2026-04-23,70.68,MKT_D
receipt_ref_004-0037,1196100036,2026-04-23,71.81,MKT_D
receipt_ref_004-0038,1196100037,2026-04-23,72.94,MKT_D
receipt_ref_004-0039,1196100038,2026-04-23,74.07,MKT_D
receipt_ref_004-0040,1196100039,2026-04-23,75.20,MKT_D
receipt_ref_004-0041,1196100040,2026-04-23,76.33,MKT_D
receipt_ref_004-0042,1196100041,2026-04-23,77.46,MKT_D
receipt_ref_004-0043,1196100042,2026-04-23,78.59,MKT_D
receipt_ref_004-0044,1196100043,2026-04-23,79.72,MKT_D
receipt_ref_004-0045,1196100044,2026-04-23,80.85,MKT_D
receipt_ref_004-0046,1196100045,2026-04-23,81.98,MKT_D
receipt_ref_004-0047,1196100046,2026-04-23,83.11,MKT_D
receipt_ref_004-0048,1196100047,2026-04-23,84.24,MKT_D
receipt_ref_004-0049,1196100048,2026-04-23,85.37,MKT_D
receipt_ref_004-0050,1196100049,2026-04-23,86.50,MKT_D
receipt_ref_004-0051,1196100050,2026-04-23,87.63,MKT_D
receipt_ref_004-0052,1196100051,2026-04-23,88.76,MKT_D
receipt_ref_004-0053,1196100052,2026-04-23,89.89,MKT_D
receipt_ref_004-0054,1196100053,2026-04-23,91.02,MKT_D
receipt_ref_004-0055,1196100054,2026-04-23,92.15,MKT_D
receipt_ref_004-0056,1196100055,2026-04-23,93.28,MKT_D
receipt_ref_004-0057,1196100056,2026-04-23,94.41,MKT_D
receipt_ref_004-0058,1196100057,2026-04-23,95.54,MKT_D
receipt_ref_004-0059,1196100058,2026-04-23,96.67,MKT_D
receipt_ref_004-0060,1196100059,2026-04-23,97.80,MKT_D
receipt_ref_004-0061,1196100060,2026-04-23,98.93,MKT_D
receipt_ref_004-0062,1196100061,2026-04-23,100.06,MKT_D
receipt_ref_004-0063,1196100062,2026-04-23,101.19,MKT_D
receipt_ref_004-0064,1196100063,2026-04-23,102.32,MKT_D
receipt_ref_004-0065,1196100064,2026-04-23,103.45,MKT_D
receipt_ref_004-0066,1196100065,2026-04-23,104.58,MKT_D
receipt_ref_004-0067,1196100066,2026-04-23,105.71,MKT_D
receipt_ref_004-0068,1196100067,2026-04-23,106.84,MKT_D
receipt_ref_004-0069,1196100068,2026-04-23,107.97,MKT_D
receipt_ref_004-0070,1196100069,2026-04-23,109.10,MKT_D
receipt_ref_004-0071,1196200000,2026-04-23,32.26,MKT_D
receipt_ref_004-0072,1196200001,2026-04-23,33.39,MKT_D
receipt_ref_004-0073,1196200002,2026-04-23,34.52,MKT_D
receipt_ref_004-0074,1196200003,2026-04-23,35.65,MKT_D
receipt_ref_004-0075,1196200004,2026-04-23,36.78,MKT_D
receipt_ref_004-0076,1196200005,2026-04-23,37.91,MKT_D
receipt_ref_004-0077,1196200006,2026-04-23,39.04,MKT_D
receipt_ref_004-0078,1196200007,2026-04-23,40.17,MKT_D
receipt_ref_004-0079,1196200008,2026-04-23,41.30,MKT_D
receipt_ref_004-0080,1196200009,2026-04-23,42.43,MKT_D
receipt_ref_004-0081,1196200010,2026-04-23,43.56,MKT_D
receipt_ref_004-0082,1196200011,2026-04-23,44.69,MKT_D
receipt_ref_004-0083,1196200012,2026-04-23,45.82,MKT_D
receipt_ref_004-0084,1196200013,2026-04-23,46.95,MKT_D
receipt_ref_004-0085,1196200014,2026-04-23,48.08,MKT_D
receipt_ref_004-0086,1196200015,2026-04-23,49.21,MKT_D
receipt_ref_004-0087,1196200016,2026-04-23,50.34,MKT_D
receipt_ref_004-0088,1196200017,2026-04-23,51.47,MKT_D
receipt_ref_004-0089,1196200018,2026-04-23,52.60,MKT_D
receipt_ref_004-0090,1196200019,2026-04-23,53.73,MKT_D
receipt_ref_004-0091,1196200020,2026-04-23,54.86,MKT_D
receipt_ref_004-0092,1196200021,2026-04-23,55.99,MKT_D
receipt_ref_004-0093,1196200022,2026-04-23,57.12,MKT_D
receipt_ref_004-0094,1196200023,2026-04-23,58.25,MKT_D
receipt_ref_004-0095,1196200024,2026-04-23,59.38,MKT_D
receipt_ref_004-0096,1196200025,2026-04-23,60.51,MKT_D
receipt_ref_004-0097,1196200026,2026-04-23,61.64,MKT_D
receipt_ref_004-0098,1196200027,2026-04-23,62.77,MKT_D
receipt_ref_004-0099,1196200028,2026-04-23,63.90,MKT_D
receipt_ref_004-0100,1196200029,2026-04-23,65.03,MKT_D
receipt_ref_004-0101,1196200030,2026-04-23,66.16,MKT_D
receipt_ref_004-0102,1196200031,2026-04-23,67.29,MKT_D
receipt_ref_004-0103,1196200032,2026-04-23,68.42,MKT_D
receipt_ref_004-0104,1196200033,2026-04-23,69.55,MKT_D
receipt_ref_004-0105,1196200034,2026-04-23,70.68,MKT_D
receipt_ref_004-0106,1196200035,2026-04-23,71.81,MKT_D
receipt_ref_004-0107,1196200036,2026-04-23,72.94,MKT_D
receipt_ref_004-0108,1196200037,2026-04-23,74.07,MKT_D
receipt_ref_004-0109,1196200038,2026-04-23,75.20,MKT_D
receipt_ref_004-0110,1196200039,2026-04-23,76.33,MKT_D
receipt_ref_004-0111,1196200040,2026-04-23,77.46,MKT_D
receipt_ref_004-0112,1190000004,2026-04-23,-70.00,MKT_D
receipt_ref_004-0113,1190000005,2026-04-23,-73.00,MKT_D
receipt_ref_004-0114,1190000006,2026-04-23,-76.00,MKT_D
receipt_ref_004-0115,1190000007,2026-04-23,-79.00,MKT_D
receipt_ref_004-0116,1190000008,2026-04-23,-82.00,MKT_D
receipt_ref_004-0117,1180000004,2026-04-23,79.75,MKT_D
receipt_ref_004-0118,1180000005,2026-04-23,81.95,MKT_D
receipt_ref_004-0119,1180000006,2026-04-23,84.15,MKT_D
receipt_ref_004-0120,1180000007,2026-04-23,86.35,MKT_D
receipt_ref_004-0121,1180000008,2026-04-23,88.55,MKT_D
receipt_ref_004-0122,1180000009,2026-04-23,90.75,MKT_D
receipt_ref_004-0123,1170000004,2026-04-23,70.00,MKT_D
receipt_ref_004-0124,1160000004,2026-04-23,-55.00,MKT_D
receipt_ref_004-0125,1160000005,2026-04-23,-61.00,MKT_D
receipt_ref_004-0126,1150000129,2026-04-23,52.75,MKT_D
receipt_ref_004-0127,1150000130,2026-04-23,53.86,MKT_D
receipt_ref_004-0128,1150000131,2026-04-23,54.97,MKT_D
receipt_ref_004-0129,1150000132,2026-04-23,56.08,MKT_D
receipt_ref_004-0130,1150000133,2026-04-23,57.19,MKT_D
receipt_ref_004-0131,1150000134,2026-04-23,58.30,MKT_D
receipt_ref_004-0132,1150000135,2026-04-23,59.41,MKT_D
receipt_ref_004-0133,1150000136,2026-04-23,60.52,MKT_D
receipt_ref_004-0134,1150000137,2026-04-23,61.63,MKT_D
receipt_ref_004-0135,1150000138,2026-04-23,62.74,MKT_D
receipt_ref_004-0136,1150000139,2026-04-23,63.85,MKT_D
receipt_ref_004-0137,1150000140,2026-04-23,64.96,MKT_D
receipt_ref_004-0138,1150000141,2026-04-23,66.07,MKT_D
receipt_ref_004-0139,1150000142,2026-04-23,67.18,MKT_D
receipt_ref_004-0140,1150000143,2026-04-23,68.29,MKT_D
